Id_bien,id_codedep_codecommune,Surface,Type_local,Total_piece
548,1283,68.11,Appartement,2
620,133,58.3,Appartement,2
621,133,88.83,Appartement,4
722,14,164.87,Appartement,6
723,14,70.45,Appartement,3
627,10333,90.81,Appartement,5
663,10362,38.02,Appartement,2
708,10387,92.08,Appartement,4
709,10387,44.63,Appartement,1
710,10387,21.22,Appartement,1
244,11145,36.32,Appartement,3
496,11266,44.31,Appartement,2
497,11266,46.47,Appartement,2
1003,1169,35.6,Appartement,2
1004,1169,28.8,Appartement,1
388,132,67.92,Appartement,3
7,13201,46.81,Appartement,2
8,13201,53.66,Appartement,3
10,13203,35.77,Appartement,1
11,13204,101.98,Maison,2
12,13204,35.97,Appartement,2
13,13204,56.07,Appartement,3
14,13204,26.58,Appartement,1
15,13205,40.03,Appartement,3
17,13206,84.09,Appartement,4
18,13206,81.92,Appartement,3
19,13206,68.0,Appartement,4
20,13206,41.77,Appartement,2
25,13208,105.11,Appartement,6
26,13208,74.85,Appartement,4
27,13208,29.0,Appartement,1
28,13208,46.02,Appartement,2
29,13209,21.19,Appartement,1
30,13210,17.8,Appartement,1
31,13210,111.38,Appartement,6
32,13210,61.52,Appartement,3
33,13211,62.51,Appartement,3
34,13213,35.8,Appartement,1
35,13213,64.45,Appartement,4
36,13213,52.76,Appartement,2
37,13213,80.56,Appartement,4
38,13216,62.12,Maison,3
526,1328,29.29,Appartement,1
527,1328,23.07,Appartement,2
528,1328,22.13,Appartement,1
529,1328,27.9,Appartement,1
530,1328,20.78,Appartement,2
531,1328,21.76,Appartement,1
532,1328,27.9,Appartement,1
533,1328,35.58,Appartement,2
534,1328,44.71,Appartement,2
641,1335,51.24,Appartement,3
834,135,56.04,Appartement,4
1042,1375,95.25,Appartement,5
1043,1375,82.98,Appartement,4
1044,1375,62.94,Appartement,3
427,14220,18.8,Appartement,1
628,14333,46.94,Appartement,2
629,14333,48.0,Appartement,3
633,14338,37.28,Appartement,2
1015,14699,22.56,Appartement,1
1016,14699,29.34,Appartement,2
1032,14715,33.09,Appartement,2
1033,14715,74.21,Appartement,3
570,17300,29.25,Appartement,1
571,17300,21.72,Appartement,1
572,17300,35.95,Appartement,2
739,17415,70.05,Appartement,3
740,17415,46.63,Appartement,2
622,1833,63.97,Appartement,3
623,1833,44.77,Appartement,2
583,1931,70.1,Appartement,3
737,2408,88.14,Maison,4
1064,2810,89.56,Appartement,3
280,22168,54.42,Appartement,2
281,22168,25.28,Appartement,1
338,22187,179.3,Appartement,3
339,22187,205.2,Appartement,5
523,22278,67.24,Appartement,4
524,22278,61.96,Appartement,3
525,22278,54.59,Appartement,2
839,2250,69.43,Appartement,3
607,24322,61.61,Appartement,3
608,24322,55.22,Appartement,3
609,24322,87.73,Appartement,4
610,24322,51.84,Appartement,2
673,2437,24.78,Appartement,1
894,2556,62.92,Appartement,3
71,26108,56.92,Appartement,3
72,26108,67.73,Appartement,4
278,26165,62.01,Appartement,4
376,26198,72.12,Appartement,4
377,26198,68.69,Appartement,3
449,26235,86.52,Appartement,4
537,26281,100.69,Maison,4
538,26281,56.54,Appartement,3
539,26281,73.88,Appartement,4
540,26281,52.4,Appartement,2
664,26362,52.98,Appartement,3
665,26362,175.0,Maison,5
666,26362,94.9,Appartement,3
667,26362,26.42,Appartement,1
668,26362,100.22,Maison,4
897,2657,66.67,Appartement,3
441,27230,55.59,Appartement,2
442,27230,87.5,Appartement,3
1000,27681,61.84,Appartement,3
1001,27681,66.21,Appartement,3
1002,27681,79.92,Appartement,3
236,28140,78.47,Appartement,3
1069,2885,38.54,Appartement,1
1070,2885,67.13,Appartement,3
65,29105,97.0,Appartement,4
351,2919,53.07,Appartement,2
352,2919,79.92,Appartement,4
353,2919,46.58,Appartement,2
437,2923,65.0,Appartement,4
444,29233,48.96,Appartement,3
716,2939,67.27,Appartement,4
212,30132,93.83,Appartement,3
220,30133,80.79,Appartement,3
221,30133,49.27,Appartement,4
345,30189,75.05,Appartement,3
346,30189,21.01,Appartement,1
347,30189,67.15,Appartement,3
348,30189,89.79,Maison,4
349,30189,60.07,Appartement,3
630,30334,50.33,Appartement,2
631,30334,62.95,Appartement,2
632,30334,43.28,Appartement,3
475,31259,65.85,Appartement,3
787,31446,66.37,Appartement,3
5,31555,19.12,Appartement,1
6,31555,29.03,Appartement,1
9,31555,53.61,Appartement,2
16,31555,76.1,Appartement,3
21,31555,60.28,Appartement,3
22,31555,63.94,Appartement,3
23,31555,18.79,Appartement,1
24,31555,80.0,Appartement,4
893,31557,79.49,Appartement,4
156,33119,21.93,Appartement,1
157,33119,22.45,Appartement,1
158,33119,23.84,Appartement,1
159,33119,42.08,Appartement,1
160,33119,76.38,Appartement,4
161,33119,78.27,Appartement,4
380,33199,42.94,Appartement,2
381,33199,50.61,Appartement,2
382,33199,47.69,Appartement,2
469,33249,100.55,Maison,4
516,33273,65.15,Appartement,3
541,33281,64.89,Appartement,3
542,33281,68.08,Appartement,3
543,33281,58.89,Appartement,1
544,33281,78.7,Maison,4
590,33312,22.39,Appartement,2
597,33318,43.79,Appartement,2
598,33318,73.92,Appartement,3
599,33318,32.22,Appartement,2
600,33318,108.0,Maison,4
717,3339,56.67,Appartement,3
744,33422,78.52,Maison,3
745,33422,39.59,Appartement,2
746,33422,40.84,Appartement,2
856,33514,25.01,Appartement,2
857,33514,35.8,Appartement,2
869,33522,45.27,Appartement,2
870,33522,30.9,Appartement,2
888,33550,79.97,Maison,4
944,3363,33.62,Appartement,2
945,3363,60.67,Appartement,1
946,3363,61.92,Appartement,2
947,3363,48.1,Appartement,1
948,3363,78.03,Appartement,3
949,3363,64.5,Appartement,3
950,3363,40.1,Appartement,1
951,3363,63.85,Appartement,3
952,3363,160.44,Appartement,4
953,3363,67.38,Appartement,3
954,3363,69.83,Appartement,3
955,3363,86.92,Appartement,3
1005,3369,67.41,Appartement,4
1045,3375,71.71,Appartement,3
1093,339,127.79,Maison,2
1094,339,103.0,Maison,5
1102,3396,103.36,Maison,4
1103,3396,84.82,Maison,4
1104,3396,107.08,Maison,4
73,34108,111.12,Appartement,3
74,34108,67.03,Appartement,3
135,34116,21.5,Appartement,1
253,34150,51.4,Appartement,2
254,34150,25.57,Appartement,2
288,34172,43.44,Appartement,2
378,34198,80.83,Maison,4
383,34199,63.91,Appartement,3
408,34217,42.39,Appartement,2
575,34301,44.09,Appartement,2
576,34301,44.96,Appartement,4
577,34301,104.88,Appartement,3
578,34301,42.02,Appartement,1
451,35238,74.09,Appartement,3
452,35238,73.0,Appartement,3
453,35238,16.89,Appartement,1
454,35238,25.58,Appartement,1
455,35238,36.72,Appartement,1
456,35238,58.23,Appartement,3
557,35288,35.74,Appartement,1
558,35288,66.69,Appartement,3
615,35326,87.84,Maison,5
798,3547,51.28,Appartement,2
799,3547,45.75,Appartement,2
822,3549,36.59,Appartement,2
823,3549,77.16,Appartement,4
191,37122,128.58,Maison,5
213,37132,47.92,Appartement,2
214,37132,55.48,Appartement,2
215,37132,48.0,Appartement,2
216,37132,52.95,Appartement,3
217,37132,69.4,Maison,3
490,37261,43.2,Appartement,2
491,37261,67.23,Appartement,3
492,37261,17.96,Appartement,1
493,37261,72.0,Appartement,3
317,38185,89.33,Appartement,3
318,38185,11.1,Appartement,1
319,38185,59.53,Appartement,3
320,38185,73.08,Appartement,4
321,38185,58.47,Appartement,3
322,38185,84.24,Appartement,4
323,38185,41.09,Appartement,2
324,38185,67.39,Appartement,2
325,38185,195.88,Appartement,6
326,38185,205.98,Appartement,6
327,38185,87.07,Appartement,3
328,38185,21.83,Appartement,1
329,38185,19.76,Appartement,1
330,38185,19.98,Appartement,1
331,38185,21.15,Appartement,1
332,38185,70.69,Appartement,3
333,38185,50.83,Appartement,2
334,38185,64.05,Appartement,2
335,38185,84.55,Appartement,4
695,38382,27.21,Appartement,1
696,38382,65.76,Appartement,4
741,38421,73.58,Appartement,4
742,38421,47.67,Appartement,2
743,38421,83.63,Appartement,4
820,38485,99.21,Appartement,4
881,38548,102.02,Appartement,3
895,38562,64.13,Appartement,3
896,38562,31.49,Appartement,1
379,39198,71.48,Appartement,1
354,419,58.96,Appartement,3
467,4245,80.26,Appartement,3
371,40192,45.13,Appartement,2
430,40224,52.88,Appartement,2
450,40235,76.87,Appartement,3
591,40312,63.02,Appartement,3
592,40312,91.43,Appartement,4
593,40312,45.82,Appartement,2
594,40312,46.15,Appartement,2
595,40312,88.35,Appartement,4
297,4118,85.09,Appartement,4
298,4118,47.29,Appartement,1
299,4118,20.68,Appartement,1
282,42168,61.8,Appartement,1
340,42187,68.49,Appartement,4
341,42187,57.22,Appartement,2
342,42187,217.02,Appartement,6
343,42187,173.34,Appartement,5
344,42187,162.69,Appartement,4
350,42189,35.6,Appartement,2
412,42218,85.96,Appartement,4
413,42218,64.42,Appartement,3
414,42218,31.61,Appartement,1
415,42218,92.58,Appartement,5
416,42218,69.46,Appartement,4
429,42223,85.68,Appartement,4
515,42271,122.68,Maison,5
835,425,50.33,Appartement,2
78,44109,60.87,Appartement,4
79,44109,35.81,Appartement,2
80,44109,63.36,Appartement,1
81,44109,34.39,Appartement,1
82,44109,71.33,Appartement,4
83,44109,113.46,Appartement,4
84,44109,44.4,Appartement,2
85,44109,62.1,Appartement,3
86,44109,10.78,Appartement,1
87,44109,50.56,Appartement,2
88,44109,50.74,Appartement,2
89,44109,38.08,Appartement,2
90,44109,85.3,Appartement,3
91,44109,19.44,Appartement,1
92,44109,20.61,Appartement,1
93,44109,63.29,Appartement,3
94,44109,19.67,Appartement,1
95,44109,19.81,Appartement,1
96,44109,23.15,Appartement,1
97,44109,49.71,Appartement,2
171,4412,29.29,Maison,1
222,44135,33.51,Appartement,1
240,44143,165.29,Maison,6
255,44154,33.95,Appartement,1
274,44162,72.5,Appartement,3
289,44172,88.61,Appartement,4
310,44184,109.07,Appartement,4
311,44184,45.87,Appartement,2
312,44184,64.51,Appartement,3
313,44184,79.03,Appartement,3
314,44184,80.52,Appartement,3
315,44184,64.66,Appartement,3
361,44190,66.29,Appartement,3
394,4420,41.9,Maison,3
482,4426,38.91,Appartement,2
483,4426,41.88,Appartement,2
642,4435,47.48,Appartement,2
883,4455,24.15,Appartement,1
884,4455,50.84,Appartement,2
885,4455,48.19,Appartement,2
886,4455,23.02,Appartement,1
887,4455,51.81,Appartement,3
1006,4469,27.81,Appartement,2
1077,4487,102.22,Appartement,4
247,45147,65.69,Appartement,3
248,45147,85.55,Appartement,5
445,45234,47.9,Appartement,2
446,45234,41.5,Appartement,2
447,45234,18.05,Appartement,1
448,45234,18.14,Appartement,1
596,45315,70.31,Appartement,3
39,471,41.4,Appartement,2
611,47323,51.02,Maison,3
1101,4895,46.66,Appartement,2
252,4915,63.55,Appartement,3
468,49246,83.09,Appartement,4
1017,497,50.83,Appartement,2
1106,4999,60.71,Appartement,3
295,5177,55.76,Appartement,1
438,523,67.0,Appartement,4
206,50129,52.39,Appartement,2
207,50129,83.3,Appartement,3
417,50218,48.0,Appartement,2
418,50218,60.0,Appartement,3
847,50502,74.52,Appartement,4
443,51230,31.58,Appartement,2
569,5130,29.74,Appartement,2
789,51454,33.13,Appartement,1
901,51573,38.35,Appartement,2
209,53130,47.7,Appartement,2
210,53130,70.52,Appartement,2
249,53147,63.45,Appartement,4
316,54184,40.08,Appartement,3
517,54273,27.48,Appartement,1
612,54323,42.95,Appartement,2
697,54382,37.53,Appartement,2
698,54382,79.22,Appartement,3
718,54395,43.84,Appartement,2
719,54395,177.67,Appartement,5
818,54483,57.5,Appartement,2
879,54547,75.92,Maison,4
880,54547,69.8,Appartement,4
902,54578,57.17,Appartement,3
903,54578,33.52,Appartement,2
185,56121,50.12,Appartement,3
186,56121,25.15,Appartement,1
187,56121,53.24,Appartement,3
296,56178,83.79,Appartement,4
1018,567,90.13,Appartement,4
1105,5698,87.3,Appartement,5
579,58303,80.16,Appartement,4
549,59284,80.55,Maison,4
3,59350,130.17,Appartement,3
4,59350,54.09,Appartement,2
643,59350,43.8,Appartement,2
644,59350,39.86,Appartement,2
645,59350,27.02,Appartement,1
646,59350,34.29,Appartement,2
647,59350,9.74,Appartement,1
648,59350,84.64,Appartement,5
670,59367,68.9,Appartement,4
793,59456,80.0,Maison,4
848,59507,49.82,Appartement,2
968,59646,54.67,Appartement,2
977,59653,66.94,Appartement,3
1095,599,88.3,Appartement,4
1096,599,74.1,Appartement,3
58,6104,56.5,Appartement,3
59,6104,29.32,Appartement,1
60,6104,88.88,Appartement,4
61,6104,38.71,Appartement,2
62,6104,33.24,Appartement,1
99,611,18.63,Appartement,1
193,6123,73.76,Appartement,3
211,6130,27.7,Appartement,1
250,6149,48.02,Appartement,2
256,6155,44.61,Appartement,2
257,6155,65.23,Appartement,3
258,6155,17.67,Appartement,1
259,6155,55.91,Appartement,2
260,6155,25.6,Appartement,2
261,6155,92.64,Appartement,4
262,6157,23.1,Appartement,1
263,6159,15.72,Appartement,1
264,6159,21.43,Appartement,2
273,6161,51.72,Appartement,3
275,6162,42.41,Appartement,1
276,6163,55.65,Appartement,2
277,6163,103.21,Maison,3
512,627,130.09,Maison,5
513,627,46.55,Appartement,1
724,64,70.98,Appartement,3
725,64,66.01,Appartement,3
726,64,60.0,Appartement,2
727,64,24.24,Appartement,1
728,64,57.65,Appartement,3
729,64,51.23,Appartement,2
730,64,55.2,Appartement,2
731,64,57.83,Appartement,3
732,64,33.22,Appartement,2
1046,675,16.72,Appartement,5
1065,683,77.15,Appartement,4
1066,683,61.04,Appartement,3
1067,683,32.73,Appartement,1
1071,685,38.04,Appartement,2
1072,685,95.21,Appartement,4
1073,685,48.2,Appartement,2
1079,688,22.96,Appartement,2
1080,688,23.04,Appartement,1
1081,688,80.27,Appartement,4
1082,688,34.04,Appartement,1
1083,688,73.61,Appartement,3
1084,688,35.3,Appartement,2
1085,688,86.0,Appartement,4
1086,688,60.77,Appartement,4
1087,688,16.8,Appartement,1
1088,688,32.6,Appartement,2
1089,688,34.65,Appartement,2
1090,688,66.35,Appartement,3
1091,688,46.34,Appartement,3
1092,688,77.62,Appartement,2
238,60141,55.59,Appartement,2
265,60159,41.0,Appartement,1
266,60159,113.78,Appartement,5
291,60175,38.79,Appartement,2
292,60176,70.06,Appartement,3
293,60176,34.71,Appartement,2
294,60176,82.92,Appartement,4
521,60277,42.6,Appartement,3
545,60282,151.64,Maison,6
546,60282,112.16,Maison,4
639,60342,74.91,Appartement,4
980,60667,47.18,Appartement,2
162,62119,54.19,Appartement,3
232,62139,75.19,Maison,3
372,62193,38.6,Appartement,2
974,6265,54.11,Appartement,3
975,6265,60.5,Appartement,3
573,63300,57.03,Appartement,2
574,63300,89.82,Appartement,4
218,64132,18.69,Appartement,1
783,64445,61.42,Appartement,3
784,64445,34.45,Appartement,2
819,64483,44.5,Appartement,2
781,65440,55.48,Appartement,3
782,65440,35.84,Appartement,2
239,69142,33.48,Appartement,1
241,69143,62.87,Appartement,3
242,69143,21.77,Appartement,1
251,69149,79.41,Appartement,5
384,69199,67.12,Appartement,3
476,69259,18.9,Appartement,2
477,69259,66.1,Appartement,3
494,69264,69.35,Appartement,3
495,69264,43.16,Appartement,2
498,69266,49.51,Appartement,2
499,69266,60.53,Appartement,3
500,69266,23.19,Appartement,1
501,69266,46.64,Appartement,2
502,69266,67.62,Appartement,4
503,69266,67.17,Appartement,4
504,69266,46.66,Appartement,2
505,69266,44.8,Appartement,2
506,69266,30.13,Appartement,1
507,69266,54.68,Appartement,3
508,69266,109.78,Appartement,5
509,69266,70.46,Appartement,3
510,69266,32.82,Appartement,1
511,69266,40.48,Appartement,2
518,69273,39.65,Appartement,2
519,69273,39.54,Appartement,2
520,69275,66.65,Appartement,3
547,69282,46.6,Appartement,2
555,69286,40.58,Appartement,2
561,69289,78.86,Appartement,4
566,69290,69.48,Appartement,3
567,69290,66.24,Appartement,3
634,6934,100.95,Appartement,3
635,6934,54.21,Appartement,2
636,6934,11.06,Appartement,1
693,69381,41.78,Appartement,1
694,69381,124.75,Appartement,4
699,69382,44.22,Appartement,2
700,69382,123.35,Appartement,4
701,69382,320.92,Appartement,8
702,69383,49.1,Appartement,2
703,69383,59.57,Appartement,2
704,69383,25.05,Appartement,1
705,69383,71.3,Appartement,3
706,69384,20.02,Appartement,1
707,69384,74.67,Appartement,4
711,69387,25.16,Appartement,1
713,69388,35.43,Appartement,1
714,69388,50.35,Appartement,3
715,69389,80.66,Appartement,4
752,6943,40.33,Appartement,2
956,6963,134.1,Maison,4
584,70311,77.28,Appartement,3
514,71270,25.9,Appartement,2
1048,7176,62.0,Appartement,3
1049,7176,51.13,Appartement,3
306,72181,69.8,Appartement,4
307,72181,66.26,Appartement,3
308,72181,56.1,Appartement,2
309,72181,60.71,Appartement,3
43,7410,63.29,Appartement,3
290,74173,86.79,Appartement,3
431,74224,70.52,Appartement,3
1,74256,66.9,Appartement,3
2,74256,55.26,Appartement,3
473,74256,34.0,Appartement,2
51,75103,11.46,Appartement,1
52,75103,48.37,Appartement,3
53,75103,40.07,Appartement,2
63,75104,119.9,Appartement,4
64,75104,31.14,Appartement,2
66,75107,96.82,Appartement,4
67,75107,15.88,Appartement,1
68,75107,15.8,Appartement,1
69,75107,320.2,Appartement,8
75,75108,42.97,Appartement,2
76,75108,96.1,Appartement,3
77,75108,49.52,Appartement,2
98,75109,71.31,Appartement,3
100,75110,27.09,Appartement,2
101,75110,29.02,Appartement,2
102,75110,27.14,Appartement,1
103,75111,39.47,Appartement,2
104,75111,45.5,Appartement,3
105,75111,82.5,Appartement,4
106,75111,25.07,Appartement,1
107,75111,67.29,Appartement,3
108,75111,17.37,Appartement,1
109,75112,27.15,Appartement,2
111,75113,33.25,Appartement,1
112,75113,48.75,Appartement,3
113,75113,33.08,Appartement,2
114,75113,36.68,Appartement,2
115,75113,29.9,Appartement,2
116,75113,55.83,Appartement,3
117,75113,70.75,Appartement,2
118,75113,22.95,Appartement,1
119,75114,54.32,Appartement,2
120,75114,32.18,Appartement,2
121,75114,40.2,Appartement,3
122,75114,44.0,Appartement,3
123,75114,25.31,Appartement,2
124,75114,35.62,Appartement,2
125,75114,26.16,Appartement,2
126,75114,58.78,Appartement,2
127,75114,79.04,Appartement,3
128,75114,41.04,Appartement,2
130,75115,23.15,Appartement,2
131,75115,36.91,Appartement,2
132,75115,20.7,Appartement,1
133,75115,32.73,Appartement,2
134,75115,21.4,Appartement,1
136,75116,25.7,Appartement,0
137,75116,41.38,Appartement,2
138,75117,30.5,Appartement,2
139,75117,92.41,Appartement,4
140,75117,111.04,Appartement,5
141,75117,212.71,Appartement,6
142,75117,187.9,Appartement,6
143,75117,27.03,Appartement,2
144,75118,11.45,Appartement,1
145,75118,38.42,Appartement,2
146,75118,36.62,Appartement,2
147,75118,30.67,Appartement,2
148,75118,30.18,Appartement,2
149,75118,50.12,Appartement,3
150,75118,19.02,Appartement,2
151,75118,39.92,Appartement,2
152,75118,56.23,Appartement,3
153,75118,24.85,Appartement,2
154,75118,75.09,Appartement,3
163,75119,71.96,Appartement,3
164,75119,81.74,Appartement,4
165,75119,34.69,Appartement,2
166,75119,30.17,Appartement,2
167,75119,34.87,Appartement,2
168,75119,60.7,Appartement,3
169,75119,78.19,Appartement,5
170,75119,47.71,Appartement,2
177,75120,23.1,Appartement,1
178,75120,81.58,Appartement,3
179,75120,43.36,Appartement,3
180,75120,33.58,Appartement,2
181,75120,14.49,Appartement,1
182,75120,14.72,Appartement,1
183,75120,103.56,Appartement,4
184,75120,17.02,Appartement,1
407,76212,43.32,Appartement,2
409,76217,61.52,Appartement,4
472,76254,53.59,Appartement,1
478,76259,56.21,Appartement,3
479,76259,62.06,Appartement,3
480,76259,46.93,Appartement,2
481,76259,54.0,Appartement,3
637,76341,58.8,Appartement,3
638,76341,58.8,Appartement,3
650,76351,42.41,Appartement,2
651,76351,32.92,Appartement,2
652,76351,67.73,Appartement,2
653,76351,44.53,Appartement,3
654,76351,36.66,Appartement,2
655,76351,18.1,Appartement,1
656,76351,24.83,Appartement,1
657,76351,43.2,Appartement,3
658,76351,83.07,Appartement,4
833,76497,44.32,Appartement,3
877,76540,50.37,Appartement,2
878,76540,94.7,Appartement,4
891,76552,79.01,Appartement,4
49,77100,133.8,Maison,5
129,77114,28.26,Appartement,1
155,77118,39.19,Appartement,2
336,77186,44.26,Appartement,2
337,77186,33.07,Appartement,2
463,77243,71.77,Appartement,3
464,77243,89.77,Appartement,4
465,77243,77.05,Appartement,3
466,77243,141.5,Appartement,5
474,77258,97.9,Maison,5
550,77284,66.59,Appartement,3
551,77284,76.33,Appartement,4
552,77284,32.32,Appartement,2
553,77284,26.73,Appartement,1
554,77284,68.86,Maison,3
559,77288,21.86,Appartement,1
560,77288,26.89,Appartement,1
580,77305,59.9,Appartement,3
581,77305,60.9,Appartement,3
582,77305,76.79,Appartement,4
613,77325,82.37,Appartement,5
614,77325,63.4,Maison,3
618,77327,34.4,Appartement,3
619,77327,86.45,Appartement,3
649,77350,109.23,Maison,6
677,77373,124.98,Maison,7
678,77373,160.18,Maison,7
679,77373,46.07,Appartement,2
680,77373,60.23,Appartement,3
681,77373,91.47,Maison,4
736,77407,105.09,Appartement,5
785,77445,73.03,Maison,5
786,77445,106.95,Maison,6
858,77514,42.67,Appartement,2
859,77514,85.91,Appartement,4
871,7753,49.13,Appartement,2
904,7758,60.03,Appartement,3
905,7758,30.03,Appartement,1
906,7758,61.44,Appartement,3
907,7758,67.12,Appartement,3
908,7758,44.8,Appartement,2
909,7758,63.32,Appartement,3
1068,7783,105.21,Maison,4
245,78146,35.64,Appartement,2
246,78146,67.74,Appartement,4
279,78165,66.43,Appartement,4
410,78217,55.38,Maison,2
411,78217,60.75,Appartement,3
568,78297,81.69,Appartement,4
585,78311,52.19,Maison,3
586,78311,95.05,Maison,4
587,78311,106.1,Maison,4
588,78311,19.24,Appartement,1
589,78311,68.12,Appartement,3
605,78321,40.8,Appartement,1
606,78321,31.18,Appartement,1
659,78358,47.15,Appartement,2
661,78361,60.79,Appartement,3
662,78361,56.73,Appartement,3
675,78372,53.65,Appartement,3
676,78372,72.22,Appartement,3
720,78396,47.07,Appartement,2
721,78397,31.19,Appartement,2
735,78403,49.0,Appartement,3
790,78455,53.27,Appartement,2
791,78455,21.65,Maison,1
792,78455,181.1,Maison,6
817,78481,87.0,Maison,4
829,78490,25.03,Appartement,1
830,78490,54.94,Appartement,2
831,78490,44.72,Appartement,2
836,785,41.64,Appartement,1
860,78517,71.7,Appartement,3
861,78517,70.94,Appartement,3
889,78551,24.04,Appartement,1
890,78551,84.21,Appartement,4
914,78586,55.01,Appartement,2
915,78586,141.0,Maison,4
941,78621,84.43,Appartement,4
942,78621,63.79,Appartement,3
943,78621,75.0,Appartement,4
965,78640,23.58,Appartement,1
966,78640,63.07,Appartement,3
969,78646,88.2,Appartement,4
970,78646,62.03,Appartement,2
971,78646,45.75,Appartement,1
972,78646,66.05,Appartement,3
973,78646,36.22,Appartement,2
976,78650,16.85,Appartement,1
1035,7873,68.34,Appartement,3
1036,7873,63.95,Appartement,3
362,79191,67.52,Appartement,3
40,801,31.38,Appartement,2
41,801,92.07,Appartement,5
399,8021,100.24,Appartement,4
400,8021,65.6,Appartement,2
401,8021,45.56,Appartement,2
821,80489,54.95,Appartement,3
874,80533,23.11,Appartement,1
188,82121,92.23,Appartement,4
189,82121,90.43,Appartement,4
190,82121,46.98,Appartement,2
624,8233,111.35,Appartement,3
70,83107,34.92,Appartement,2
110,83112,84.48,Appartement,4
194,83123,70.08,Appartement,3
195,83123,17.7,Appartement,1
196,83123,22.3,Appartement,1
197,83123,24.23,Appartement,1
198,83123,22.48,Appartement,1
199,83123,22.47,Appartement,1
200,83126,62.15,Maison,5
201,83126,82.43,Appartement,4
202,83126,39.7,Appartement,2
203,83126,76.9,Appartement,4
204,83126,43.96,Appartement,2
205,83126,54.39,Appartement,3
223,83137,77.5,Appartement,4
224,83137,96.4,Appartement,5
225,83137,19.59,Appartement,1
226,83137,59.79,Appartement,4
227,83137,61.0,Appartement,4
228,83137,72.24,Appartement,3
229,83137,35.7,Appartement,1
237,83140,40.59,Appartement,2
243,83144,60.15,Appartement,3
800,8347,49.01,Appartement,2
929,8361,58.43,Appartement,3
930,8361,68.25,Appartement,4
931,8361,62.85,Appartement,3
932,8361,69.82,Maison,3
933,8361,48.5,Appartement,3
934,8362,53.78,Appartement,2
935,8362,91.04,Appartement,4
936,8362,91.77,Appartement,4
961,8364,115.0,Maison,5
1007,8369,33.7,Appartement,2
1008,8369,79.76,Appartement,1
1009,8369,24.24,Appartement,1
1010,8369,24.13,Appartement,1
1011,8369,25.01,Appartement,1
1097,839,29.2,Appartement,1
1098,839,78.03,Appartement,4
1099,839,31.97,Appartement,1
1100,839,48.65,Appartement,2
1107,8399,40.93,Appartement,2
219,84132,58.79,Appartement,3
230,84137,33.11,Appartement,1
231,84137,30.73,Appartement,2
1019,847,30.06,Appartement,2
1020,847,35.93,Appartement,2
1021,847,64.68,Appartement,3
1022,847,73.38,Appartement,3
1078,8487,48.0,Appartement,2
363,85191,21.65,Appartement,1
364,85191,19.8,Appartement,1
365,85191,49.05,Appartement,2
366,85191,67.57,Maison,3
367,85191,81.84,Maison,4
368,85191,22.8,Appartement,1
373,85194,19.57,Appartement,1
374,85194,19.52,Appartement,1
428,85222,113.24,Appartement,6
50,86100,23.1,Appartement,1
840,8750,46.05,Appartement,2
1074,8785,26.38,Appartement,1
1075,8785,21.39,Appartement,1
1076,8785,82.2,Maison,4
271,88160,64.66,Appartement,3
272,88160,65.43,Appartement,2
398,88209,43.19,Appartement,2
556,89287,81.8,Appartement,5
712,89387,52.3,Appartement,2
601,932,21.82,Appartement,1
44,9010,74.48,Appartement,3
54,91103,38.85,Appartement,2
55,91103,71.03,Appartement,4
56,91103,40.29,Appartement,2
57,91103,66.62,Appartement,3
192,91122,27.0,Appartement,1
369,91191,88.38,Appartement,4
370,91191,96.32,Appartement,4
396,91200,66.96,Appartement,3
402,9121,61.57,Appartement,3
403,9121,47.21,Appartement,2
432,91228,66.25,Appartement,3
433,91228,64.89,Appartement,3
434,91228,54.36,Appartement,2
435,91228,27.6,Appartement,1
436,91228,46.0,Appartement,2
616,91326,60.3,Appartement,3
617,91326,61.86,Appartement,4
640,91345,88.0,Appartement,4
669,91363,62.92,Appartement,3
682,91377,56.55,Appartement,2
683,91377,57.61,Appartement,2
684,91377,52.95,Appartement,2
685,91377,41.65,Appartement,2
686,91377,63.75,Appartement,3
687,91377,58.68,Appartement,3
688,91377,65.36,Appartement,3
755,91432,27.71,Appartement,2
756,91434,62.43,Appartement,3
788,9145,89.0,Maison,4
802,91471,34.54,Appartement,1
803,91471,56.34,Appartement,3
804,91471,66.88,Appartement,3
805,91471,78.77,Appartement,5
806,91471,88.94,Appartement,5
808,91477,37.06,Appartement,2
809,91479,44.5,Appartement,2
875,91534,38.19,Appartement,2
882,91549,70.09,Maison,4
899,91570,32.23,Appartement,2
916,91589,62.01,Appartement,3
917,91589,71.0,Maison,4
918,91589,24.59,Appartement,1
919,91589,75.21,Appartement,4
920,91589,17.56,Appartement,1
921,91589,20.46,Appartement,1
967,91645,120.25,Appartement,4
979,91661,29.15,Appartement,2
1014,91691,89.98,Maison,5
172,9212,129.34,Appartement,6
173,9212,30.87,Appartement,2
174,9212,24.37,Appartement,1
175,9212,96.33,Appartement,4
176,9212,97.65,Appartement,4
233,9214,45.62,Appartement,2
234,9214,69.02,Appartement,3
235,9214,122.04,Maison,4
355,9219,156.11,Maison,7
356,9219,85.65,Appartement,4
389,922,43.74,Appartement,2
390,922,51.33,Appartement,3
391,922,51.3,Appartement,3
392,922,16.37,Appartement,1
393,922,48.96,Appartement,2
395,9220,90.34,Appartement,4
439,9223,30.13,Appartement,2
440,9223,65.73,Appartement,4
457,9224,35.95,Appartement,2
458,9224,42.37,Appartement,1
459,9224,43.78,Appartement,2
460,9224,44.5,Appartement,2
461,9224,71.59,Appartement,1
462,9224,29.23,Appartement,1
470,9225,72.8,Maison,4
471,9225,64.31,Appartement,3
484,9226,55.92,Appartement,3
485,9226,42.1,Appartement,2
486,9226,28.51,Appartement,1
487,9226,34.37,Appartement,2
488,9226,16.11,Appartement,1
489,9226,41.03,Appartement,2
625,9233,109.74,Appartement,4
660,9236,21.47,Appartement,2
733,924,33.55,Appartement,2
734,9240,21.64,Appartement,1
757,9244,50.88,Appartement,3
758,9244,33.91,Appartement,1
759,9244,34.7,Appartement,1
760,9244,75.46,Appartement,4
761,9244,74.19,Appartement,4
762,9244,99.5,Appartement,4
763,9244,105.89,Appartement,5
764,9244,73.31,Appartement,3
765,9244,46.67,Appartement,2
766,9244,36.17,Appartement,2
767,9244,41.15,Appartement,2
768,9244,17.86,Appartement,1
769,9244,39.92,Appartement,2
770,9244,52.51,Appartement,2
771,9244,61.1,Appartement,2
772,9244,85.8,Appartement,3
773,9244,76.8,Appartement,4
774,9244,54.16,Appartement,2
775,9244,36.82,Appartement,2
776,9244,66.05,Appartement,3
777,9244,75.02,Appartement,3
778,9244,70.3,Appartement,4
794,9246,63.41,Maison,3
824,9249,32.81,Appartement,1
825,9249,44.49,Appartement,2
826,9249,49.03,Appartement,2
827,9249,54.52,Appartement,3
841,9250,20.8,Appartement,1
842,9250,217.93,Appartement,3
843,9250,87.0,Appartement,4
844,9250,51.42,Appartement,2
849,9251,271.85,Appartement,8
850,9251,194.9,Appartement,6
851,9251,107.6,Appartement,3
852,9251,50.07,Appartement,2
853,9251,65.56,Appartement,3
854,9251,8.84,Appartement,4
937,9262,29.66,Appartement,2
938,9262,42.4,Appartement,3
939,9262,47.9,Appartement,3
940,9262,30.1,Appartement,2
957,9263,41.35,Appartement,2
958,9263,30.07,Appartement,1
959,9263,52.61,Appartement,3
962,9264,63.09,Appartement,3
963,9264,57.95,Maison,2
1023,927,47.04,Appartement,2
1024,927,47.9,Appartement,3
1025,927,59.97,Appartement,3
1026,927,48.31,Appartement,2
1034,9272,41.39,Appartement,2
1047,9275,135.19,Appartement,3
42,931,47.3,Appartement,2
45,9310,77.11,Appartement,4
46,9310,62.78,Maison,3
47,9310,46.32,Appartement,2
48,9310,70.56,Appartement,3
208,9313,59.2,Appartement,3
562,9329,29.1,Appartement,1
563,9329,33.89,Appartement,2
564,9329,43.02,Appartement,1
602,9332,73.24,Appartement,4
603,9332,58.85,Appartement,3
604,9332,70.76,Appartement,4
626,9333,23.23,Appartement,1
795,9346,82.41,Appartement,3
796,9346,79.3,Appartement,4
797,9346,44.06,Appartement,2
810,9348,21.27,Appartement,1
811,9348,23.4,Appartement,1
812,9348,32.11,Appartement,1
813,9348,43.12,Appartement,3
814,9348,46.76,Appartement,2
815,9348,54.61,Appartement,3
816,9348,29.82,Appartement,2
828,9349,62.38,Appartement,3
837,935,84.79,Appartement,4
838,935,29.38,Appartement,2
855,9351,63.58,Appartement,3
872,9353,44.52,Appartement,3
873,9353,42.43,Appartement,2
898,9357,66.41,Appartement,3
922,9359,55.44,Appartement,3
927,936,43.9,Appartement,2
964,9364,66.94,Appartement,4
978,9366,72.99,Appartement,3
1027,9370,26.26,Appartement,1
1028,9370,88.34,Maison,4
1029,9370,42.16,Appartement,2
1030,9370,84.55,Appartement,3
1031,9371,63.55,Appartement,3
1037,9373,28.06,Appartement,2
1038,9373,60.42,Appartement,3
1040,9374,24.55,Appartement,1
1050,9377,30.47,Appartement,2
267,9416,25.29,Appartement,1
268,9416,40.94,Appartement,3
269,9416,29.73,Appartement,2
283,9417,21.44,Appartement,2
284,9417,25.41,Appartement,2
285,9417,209.87,Appartement,3
286,9417,38.74,Appartement,2
287,9417,51.01,Maison,3
300,9418,70.24,Appartement,3
301,9418,42.61,Appartement,3
357,9419,71.71,Appartement,3
358,9419,46.0,Appartement,2
359,9419,59.11,Appartement,3
404,9421,40.33,Appartement,2
421,9422,39.91,Appartement,2
422,9422,39.07,Appartement,2
423,9422,67.31,Appartement,3
424,9422,48.16,Appartement,2
425,9422,79.49,Appartement,4
426,9422,45.07,Appartement,3
535,9428,19.7,Appartement,1
674,9437,76.0,Maison,3
689,9438,90.43,Appartement,5
690,9438,55.82,Appartement,3
691,9438,60.58,Appartement,4
692,9438,29.58,Appartement,1
738,9441,116.14,Maison,4
753,9443,69.12,Appartement,2
754,9443,67.94,Appartement,4
779,9444,67.53,Appartement,3
780,9444,42.6,Appartement,2
801,9447,137.81,Maison,6
862,9452,33.05,Appartement,2
863,9452,27.86,Appartement,1
864,9452,50.08,Appartement,2
865,9452,70.4,Appartement,3
910,9458,77.34,Appartement,3
923,9459,70.31,Appartement,3
924,9459,70.05,Appartement,4
925,9459,58.81,Appartement,3
926,9459,64.67,Appartement,3
981,9467,52.7,Appartement,3
982,9467,14.68,Appartement,1
983,9467,42.27,Appartement,2
984,9467,32.05,Appartement,2
985,9467,59.53,Appartement,3
986,9467,48.83,Appartement,2
987,9467,47.24,Appartement,2
988,9467,95.05,Appartement,3
990,9468,59.34,Appartement,3
991,9468,58.03,Appartement,3
992,9468,80.06,Appartement,3
993,9468,107.18,Maison,5
994,9468,56.27,Appartement,2
995,9468,82.51,Appartement,4
996,9468,96.44,Appartement,5
997,9468,65.8,Appartement,3
998,9468,52.79,Appartement,2
999,9468,41.64,Appartement,3
1012,9469,47.92,Appartement,3
1013,9469,30.93,Appartement,2
1039,9473,95.39,Appartement,4
1041,9474,73.11,Maison,3
1051,9478,65.16,Appartement,3
1052,9479,41.15,Appartement,2
1053,9479,53.66,Appartement,3
1054,9479,54.05,Appartement,3
1055,9479,46.9,Appartement,2
1056,9479,76.03,Appartement,4
1057,9480,43.53,Appartement,2
1058,9480,80.66,Appartement,4
1059,9481,31.4,Appartement,2
1060,9481,34.24,Appartement,3
1061,9481,32.35,Appartement,3
1062,9481,32.67,Appartement,2
1063,9481,21.07,Appartement,1
302,9518,15.94,Appartement,1
303,9518,71.45,Appartement,3
304,9518,24.27,Appartement,2
305,9518,67.54,Appartement,3
360,9519,120.55,Maison,5
375,95197,51.0,Appartement,2
385,95199,56.91,Appartement,3
386,95199,60.13,Appartement,3
387,95199,58.49,Appartement,3
397,95205,35.62,Appartement,2
405,95210,31.65,Appartement,1
406,95210,48.02,Appartement,3
419,95219,16.88,Appartement,1
420,95219,69.98,Appartement,3
522,95277,100.86,Maison,4
536,95280,44.12,Appartement,2
671,95369,79.13,Appartement,4
672,95369,136.54,Maison,5
747,95424,60.0,Appartement,3
748,95424,60.41,Appartement,4
749,95424,77.92,Appartement,4
750,95424,50.58,Appartement,2
751,95424,93.25,Appartement,5
807,95476,47.2,Appartement,3
832,95491,68.1,Appartement,3
845,95500,20.75,Appartement,1
846,95500,69.0,Appartement,3
866,9552,27.8,Appartement,1
867,9552,18.78,Appartement,1
868,9552,23.65,Appartement,1
876,95539,75.47,Appartement,3
892,95555,73.66,Appartement,4
900,95572,64.86,Appartement,3
911,95582,70.46,Appartement,3
912,95585,95.71,Appartement,5
913,95585,64.01,Appartement,3
928,95604,76.27,Maison,3
960,9563,91.36,Appartement,4
989,95678,90.32,Appartement,4
565,97229,34.18,Appartement,2
270,97416,72.73,Appartement,3
